<?xml version="1.0" encoding="UTF-8" standalone="yes"?>
<vm>
    <vm>
        <ethernet0>192.168.10.3</ethernet0>
        <ethernet1>-</ethernet1>
        <ethernet2>-</ethernet2>
        <inf>-</inf>
        <name>Gemini</name>
        <netmask>255.555.255.0</netmask>
        <os>Linux</os>
        <source>/srv/VMLibrary/JeOS</source>
        <subnet>192.168.20.1</subnet>
        <type>VM</type>
        <version>7.3</version>
    </vm>
    <vm>
        <ethernet0>192.168.10.57</ethernet0>
        <ethernet1>-</ethernet1>
        <ethernet2>-</ethernet2>
        <inf>-</inf>
        <name>GeminiII</name>
        <netmask>255.555.255.0</netmask>
        <os>Linux</os>
        <source>/srv/VMLibrary/JeOS</source>
        <subnet>192.168.20.1</subnet>
        <type>VM</type>
        <version>7.3</version>
    </vm>
    <vm>
        <ethernet0>192.168.10.2</ethernet0>
        <ethernet1>-</ethernet1>
        <ethernet2>-</ethernet2>
        <inf>-</inf>
        <name>Nfs</name>
        <netmask>255.555.255.0</netmask>
        <os>Linux</os>
        <source>/srv/VMLibrary/JeOS</source>
        <subnet>192.168.20.1</subnet>
        <type>VM</type>
        <version>7.3</version>
    </vm>
    <vm>
        <ethernet0>192.168.20.2</ethernet0>
        <ethernet1>192.168.10.1</ethernet1>
        <ethernet2>-</ethernet2>
        <inf>-</inf>
        <name>Intfw</name>
        <netmask>255.555.255.0</netmask>
        <os>Linux</os>
        <source>/srv/VMLibrary/JeOS</source>
        <subnet>192.168.20.1</subnet>
        <type>VM</type>
        <version>7.3</version>
    </vm>
    <vm>
        <ethernet0>192.168.40.1</ethernet0>
        <ethernet1>192.168.30.1</ethernet1>
        <ethernet2>192.168.20.1</ethernet2>
        <inf>-</inf>
        <name>Extfw</name>
        <netmask>255.555.255.0</netmask>
        <os>Linux</os>
        <source>/srv/VMLibrary/JeOS</source>
        <subnet>192.168.20.1</subnet>
        <type>VM</type>
        <version>7.3</version>
    </vm>
    <vm>
        <ethernet0>192.168.40.2</ethernet0>
        <ethernet1>-</ethernet1>
        <ethernet2>-</ethernet2>
        <inf>-</inf>
        <name>Dmz</name>
        <netmask>255.555.255.0</netmask>
        <os>Linux</os>
        <source>/srv/VMLibrary/JeOS</source>
        <subnet>192.168.20.1</subnet>
        <type>VM</type>
        <version>7.3</version>
    </vm>
    <vm>
        <ethernet0>192.168.40.2</ethernet0>
        <ethernet1>-</ethernet1>
        <ethernet2>-</ethernet2>
        <inf>-</inf>
        <name>DefaultGW</name>
        <netmask>255.555.255.0</netmask>
        <os>Linux</os>
        <source>/srv/VMLibrary/JeOS</source>
        <subnet>192.168.20.1</subnet>
        <type>VM</type>
        <version>7.3</version>
    </vm>
</vm>
